id,value
5/1/2010,28.19025547
4/1/2009,22.44162238
9/1/2013,6.478703963
1/1/2006,1.349743436
2/1/2007,18.03641395
8/1/2012,14.3684702
6/1/2014,25.37989468
3/1/2008,25.5083943
12/1/2004,-2.028885209
7/1/2011,31.78044892
