id,value
5/1/10,26.20348683583679
4/1/09,22.481587306778756
9/1/13,6.426401598622908
1/1/06,1.3873650820500334
2/1/07,8.091046802267014
8/1/12,14.312085645063856
6/1/14,25.356910865397357
3/1/08,15.563857271923883
12/1/04,-2.019755592687229
7/1/11,21.737837206004073
