id,value
5/1/10,24.992642174975185
4/1/09,22.035150540620847
9/1/13,3.52266925655449
1/1/06,1.008044821662505
2/1/07,8.141335266902173
8/1/12,11.245812925093983
6/1/14,23.147414540088946
3/1/08,15.590369134527247
12/1/04,-3.167595207437289
7/1/11,19.00687890734619
