id,value
5/1/10,32.22032083477811
4/1/09,26.60698563195062
9/1/13,5.882966652752335
1/1/06,-2.6202441532952214
2/1/07,6.394587509225588
8/1/12,16.89238893196716
6/1/14,31.65466245020834
3/1/08,16.748586173476756
12/1/04,-6.868316088794181
7/1/11,26.963485406666436
